[0.0,[999],0.198177546659551,[686,999]]
[0.0,[998],0.187689983749781,[452,998]]
[0.0,[997],0.221419601661659,[788,997]]
[0.0,[996],0.237797203515955,[498,996]]
[0.0,[995],0.190372056773095,[88,995]]
[0.0,[994],0.248323095985872,[902,994]]
[0.0,[993],0.270506229133436,[16,993]]
[0.0,[992],0.123543757430322,[921,992]]
[0.0,[991],0.367091786887157,[699,991]]
[0.0,[990],0.194228937081951,[557,990]]
[0.0,[989],0.12457371311798,[226,989]]
[0.0,[988],0.430244674574826,[28,988]]
[0.0,[987],0.303676917133992,[633,987]]
[0.0,[986],0.152425719614497,[548,986]]
[0.0,[985],0.140075765212964,[544,985]]
[0.0,[984],0.143227581142725,[707,984]]
[0.0,[983],0.147719463849599,[304,983]]
[0.0,[982],0.151536101309198,[110,982]]
[0.0,[981],0.168539817254001,[405,981]]
[0.0,[980],0.125752495005019,[719,980]]
[0.0,[979],0.394164064825803,[2,979]]
[0.0,[978],0.131847222193024,[645,978]]
[0.0,[977],0.131968329533951,[686,977]]
[0.0,[976],0.120085885931706,[575,976]]
[0.0,[975],0.200229768016676,[942,975]]
[0.0,[974],0.332688307579341,[800,974]]
[0.0,[973],0.259541865601681,[733,973]]
[0.0,[972],0.344549401392601,[311,972]]
[0.0,[971],0.145986540475533,[19,971]]
[0.0,[970],0.247453914901388,[150,970]]
[0.0,[969],0.191943351017948,[581,969]]
[0.0,[968],0.275573674359511,[939,968]]
[0.0,[967],0.296250316455526,[693,967]]
[0.0,[966],0.133427021251303,[612,966]]
[0.0,[965],0.196950755266425,[165,965]]
[0.0,[964],0.257911573993874,[903,964]]
[0.0,[963],0.123588672620123,[394,963]]
[0.0,[962],0.137006897636549,[675,962]]
[0.0,[961],0.340179864189526,[690,961]]
[0.0,[960],0.349289765094836,[733,960]]
[0.0,[959],0.173011329108757,[473,959]]
[0.0,[958],0.166991945913587,[820,958]]
[0.0,[957],0.144795027538969,[837,957]]
[0.0,[956],0.151528182197283,[521,956]]
[0.0,[955],0.155277912144653,[865,955]]
[0.0,[954],0.233639251839258,[521,954]]
[0.0,[953],0.145559438031319,[336,953]]
[0.0,[952],0.277868098204911,[189,952]]
[0.0,[951],0.179033935330715,[326,951]]
[0.0,[950],0.176778166072604,[654,950]]
[0.0,[949],0.138269483256405,[230,949]]
[0.0,[948],0.178635606753012,[143,948]]
[0.0,[947],0.180002833311039,[275,947]]
[0.0,[946],0.214020746657918,[718,946]]
[0.0,[945],0.164973361486047,[677,945]]
[0.0,[944],0.268284587704923,[152,944]]
[0.0,[943],0.158644256120417,[196,943]]
[0.0,[942],0.145073085029583,[291,942]]
[0.0,[941],0.263879555858372,[286,941]]
[0.0,[940],0.128006210786815,[90,940]]
[0.0,[939],0.317423738872829,[154,968]]
[0.0,[938],0.124380625500901,[621,938]]
[0.0,[937],0.209948898544386,[119,937]]
[0.0,[936],0.36910575720245,[934,936]]
[0.0,[935],0.31609971527985,[861,935]]
[0.0,[934],0.122880429686803,[146,934]]
[0.0,[933],0.306188389721082,[493,933]]
[0.0,[932],0.125122579896676,[456,932]]
[0.0,[931],0.123269866553055,[635,931]]
[0.0,[930],0.123640325137162,[464,930]]
[0.0,[929],0.210610018755007,[886,929]]
[0.0,[928],0.300017166175542,[698,928]]
[0.0,[927],0.126722926102616,[905,927]]
[0.0,[926],0.125034435256802,[182,926]]
[0.0,[925],0.152565985724206,[490,925]]
[0.0,[924],0.202561743673407,[69,924]]
[0.0,[923],0.25236037723858,[481,923]]
[0.0,[922],0.129589660081366,[417,922]]
[0.0,[921],0.264569952942508,[142,992]]
[0.0,[920],0.379056407411871,[262,920]]
[0.0,[919],0.191014109426503,[283,919]]
[0.0,[918],0.372392212593092,[550,918]]
[0.0,[917],0.235743971290893,[481,917]]
[0.0,[916],0.147480371575289,[662,916]]
[0.0,[915],0.166653652825223,[524,915]]
[0.0,[914],0.120061359312668,[510,914]]
[0.0,[913],0.126563264812486,[557,913]]
[0.0,[912],0.201802428132039,[138,912]]
[0.0,[911],0.309250675019457,[590,911]]
[0.0,[910],0.14610681024516,[286,910]]
[0.0,[909],0.13695411640401,[616,909]]
[0.0,[908],0.158578497911899,[23,908]]
[0.0,[907],0.148564935297639,[133,907]]
[0.0,[906],0.176133131465991,[822,906]]
[0.0,[905],0.237771297679089,[154,905]]
[0.0,[904],0.231514384002388,[78,904]]
[0.0,[903],0.339478835864607,[119,903]]
[0.0,[902],0.210086482192437,[460,902]]
[0.0,[901],0.374942315563324,[774,901]]
[0.0,[900],0.129300541375481,[455,900]]
[0.0,[899],0.281904913046941,[391,899]]
[0.0,[898],0.425792789981231,[657,898]]
[0.0,[897],0.238859603114451,[742,897]]
[0.0,[896],0.137260628003866,[677,896]]
[0.0,[895],0.299251716787054,[672,895]]
[0.0,[894],0.12229415358065,[404,894]]
[0.0,[893],0.201056882498438,[366,893]]
[0.0,[892],0.127042000928859,[199,892]]
[0.0,[891],0.136492893587878,[388,891]]
[0.0,[890],0.27011182869324,[772,890]]
[0.0,[889],0.232229240191639,[79,889]]
[0.0,[888],0.179317428043149,[445,888]]
[0.0,[887],0.216019999074166,[817,887]]
[0.0,[886],0.21592971078568,[852,929]]
[0.0,[885],0.196242477562858,[164,885]]
[0.0,[884],0.223532279548176,[843,884]]
[0.0,[883],0.144726604326938,[748,883]]
[0.0,[882],0.254697074973386,[424,882]]
[0.0,[881],0.221838657586997,[607,881]]
[0.0,[880],0.130449952088903,[690,880]]
[0.0,[879],0.120769615384033,[270,879]]
[0.0,[878],0.179147704422913,[27,878]]
[0.0,[877],0.194587743704486,[140,877]]
[0.0,[876],0.144421743515337,[504,876]]
[0.0,[875],0.442204907254523,[403,875]]
[0.0,[874],0.216757329749179,[658,874]]
[0.0,[873],0.14479779003838,[39,873]]
[0.0,[872],0.123216841381332,[93,872]]
[0.0,[871],0.152716600276488,[826,871]]
[0.0,[870],0.355250052779717,[516,870]]
[0.0,[869],0.203236758486258,[185,869]]
[0.0,[868],0.154960833761283,[145,868]]
[0.0,[867],0.272570688079249,[505,867]]
[0.0,[866],0.282325946381113,[141,866]]
[0.0,[865],0.143960376492979,[283,865]]
[0.0,[864],0.150783487159623,[165,864]]
[0.0,[863],0.137421250176262,[822,863]]
[0.0,[862],0.261239908896054,[497,862]]
[0.0,[861],0.134912045422185,[265,861]]
[0.0,[860],0.205698031103842,[244,860]]
[0.0,[859],0.288429662136179,[363,859]]
[0.0,[858],0.223495637541331,[364,858]]
[0.0,[857],0.143443926326572,[447,857]]
[0.0,[856],0.302688883178744,[233,856]]
[0.0,[855],0.202392045298216,[347,855]]
[0.0,[854],0.160893660533883,[807,854]]
[0.0,[853],0.216735068689845,[482,853]]
[0.0,[852],0.197353439291054,[186,852]]
[0.0,[851],0.226029223774257,[558,851]]
[0.0,[850],0.125575156778697,[273,850]]
[0.0,[849],0.121477322986591,[727,849]]
[0.0,[848],0.14125289377569,[170,848]]
[0.0,[847],0.123972738938842,[846,847]]
[0.0,[846],0.125406299682293,[844,846]]
[0.0,[845],0.205430961639133,[560,845]]
[0.0,[844],0.140339018095474,[799,844]]
[0.0,[843],0.175482107349982,[263,843]]
[0.0,[842],0.292111862135065,[84,842]]
[0.0,[841],0.218966709798549,[841,989]]
[0.0,[840],0.159863817044435,[465,840]]
[0.0,[839],0.178972400106829,[178,839]]
[0.0,[838],0.198878656471772,[518,838]]
[0.0,[837],0.14583504379945,[810,957]]
[0.0,[836],0.205034679993425,[254,836]]
[0.0,[835],0.342562344690695,[7,835]]
[0.0,[834],0.134300930748899,[715,834]]
[0.0,[833],0.224078936984252,[563,833]]
[0.0,[832],0.16471281067362,[463,832]]
[0.0,[831],0.282453252769375,[272,831]]
[0.0,[830],0.190912309713111,[121,830]]
[0.0,[829],0.258174398420901,[728,829]]
[0.0,[828],0.219608447014205,[124,828]]
[0.0,[827],0.229185928887446,[639,827]]
[0.0,[826],0.300619493712569,[476,826]]
[0.0,[825],0.148147966573942,[543,825]]
[0.0,[824],0.290037928554145,[428,824]]
[0.0,[823],0.171820371318416,[198,823]]
[0.0,[822],0.258852158577077,[35,863]]
[0.0,[821],0.241250098445556,[316,821]]
[0.0,[820],0.223770351029794,[351,958]]
[0.0,[819],0.234687835219477,[643,819]]
[0.0,[818],0.151864446135404,[499,818]]
[0.0,[817],0.419527341182919,[102,887]]
[0.0,[816],0.168234330622491,[796,816]]
[0.0,[815],0.358527795296279,[592,815]]
[0.0,[814],0.126958575921423,[34,814]]
[0.0,[813],0.170511055360043,[425,813]]
[0.0,[812],0.145520170423184,[198,812]]
[0.0,[811],0.160886792497089,[321,811]]
[0.0,[810],0.136798026301574,[372,810]]
[0.0,[809],0.124461038080149,[191,809]]
[0.0,[808],0.312063807577857,[808,845]]
[0.0,[807],0.12826129579885,[184,807]]
[0.0,[806],0.135764649301599,[114,806]]
[0.0,[805],0.175803412936134,[134,805]]
[0.0,[804],0.123316381717883,[63,804]]
[0.0,[803],0.134832340334218,[15,803]]
[0.0,[802],0.191477544375353,[708,802]]
[0.0,[801],0.277735449663882,[576,801]]
[0.0,[800],0.185521993305358,[582,800]]
[0.0,[799],0.218624381074007,[511,799]]
[0.0,[798],0.137333025889615,[170,798]]
[0.0,[797],0.203166508066673,[101,797]]
[0.0,[796],0.185422059097605,[796,908]]
[0.0,[795],0.201291331159575,[99,795]]
[0.0,[794],0.161076689809525,[463,794]]
[0.0,[793],0.30067050071468,[222,793]]
[0.0,[792],0.157489777446078,[40,792]]
[0.0,[791],0.33534096081452,[504,791]]
[0.0,[790],0.151997697350987,[638,790]]
[0.0,[789],0.220377517002092,[483,789]]
[0.0,[788],0.285245403118087,[712,997]]
[0.0,[787],0.140528075486756,[84,787]]
[0.0,[786],0.199394934740092,[227,786]]
[0.0,[785],0.184945370312397,[445,785]]
[0.0,[784],0.341497262068098,[579,784]]
[0.0,[783],0.144426590349602,[460,783]]
[0.0,[782],0.160204213427716,[633,782]]
[0.0,[781],0.156392774769181,[332,781]]
[0.0,[780],0.338743826512018,[76,780]]
[0.0,[779],0.123183927523077,[559,779]]
[0.0,[778],0.124009556083451,[471,778]]
[0.0,[777],0.388378462327672,[647,777]]
[0.0,[776],0.139921335042259,[386,776]]
[0.0,[775],0.142251608075244,[592,775]]
[0.0,[774],0.336735816330845,[603,774]]
[0.0,[773],0.160848002785279,[501,773]]
[0.0,[772],0.30394538983182,[167,772]]
[0.0,[771],0.259965459244117,[771,983]]
[0.0,[770],0.364915634085472,[423,770]]
[0.0,[769],0.358359009932791,[485,769]]
[0.0,[768],0.142104327872198,[637,768]]
[0.0,[767],0.131910841101121,[702,767]]
[0.0,[766],0.122233178801871,[232,766]]
[0.0,[765],0.169261247779864,[345,765]]
[0.0,[764],0.151711700273928,[568,764]]
[0.0,[763],0.369088620794517,[250,763]]
[0.0,[762],0.217327264741435,[762,937]]
[0.0,[761],0.166911533454065,[430,761]]
[0.0,[760],0.185759279714327,[29,760]]
[0.0,[759],0.139008129258637,[41,759]]
[0.0,[758],0.198974345079922,[551,758]]
[0.0,[757],0.193848497543859,[747,757]]
[0.0,[756],0.227040701196904,[297,756]]
[0.0,[755],0.120160642475025,[379,755]]
[0.0,[754],0.164903365641841,[736,754]]
[0.0,[753],0.19372103654481,[513,753]]
[0.0,[752],0.127729636341772,[724,752]]
[0.0,[751],0.199822896585939,[532,751]]
[0.0,[750],0.148259805746514,[15,750]]
[0.0,[749],0.213761432442789,[86,749]]
[0.0,[748],0.130691430476466,[604,748]]
[0.0,[747],0.336340541713316,[118,747]]
[0.0,[746],0.279977391944406,[746,857]]
[0.0,[745],0.26265799055046,[443,745]]
[0.0,[744],0.339201090800116,[234,744]]
[0.0,[743],0.152127380835967,[380,743]]
[0.0,[742],0.242040120641182,[358,742]]
[0.0,[741],0.121291467135927,[732,741]]
[0.0,[740],0.35070232391587,[740,939]]
[0.0,[739],0.138368385117402,[60,739]]
[0.0,[738],0.243264341817673,[588,738]]
[0.0,[737],0.4095530124416,[166,737]]
[0.0,[736],0.185946228786733,[291,736]]
[0.0,[735],0.395962157282746,[103,735]]
[0.0,[734],0.135642618671307,[526,734]]
[0.0,[733],0.25474281147856,[494,733]]
[0.0,[732],0.146573019345309,[678,732]]
[0.0,[731],0.122267779893179,[309,731]]
[0.0,[730],0.154873529048702,[402,730]]
[0.0,[729],0.267260771532216,[551,729]]
[0.0,[728],0.302070554672248,[179,728]]
[0.0,[727],0.128688150192632,[354,727]]
[0.0,[726],0.321824797055796,[726,928]]
[0.0,[725],0.374579577660077,[313,725]]
[0.0,[724],0.136293506815189,[217,752]]
[0.0,[723],0.204622970362548,[723,877]]
[0.0,[722],0.265511769983952,[669,722]]
[0.0,[721],0.120830211453939,[353,721]]
[0.0,[720],0.124567411468674,[141,720]]
[0.0,[719],0.241039644042215,[719,962]]
[0.0,[718],0.207064144650875,[718,734]]
[0.0,[717],0.124723053201845,[141,717]]
[0.0,[716],0.290913354798289,[560,716]]
[0.0,[715],0.230505965215658,[715,985]]
[0.0,[714],0.131929829833922,[480,714]]
[0.0,[713],0.277775844882152,[713,756]]
[0.0,[712],0.207431434454834,[212,712]]
[0.0,[711],0.13444824282972,[436,711]]
[0.0,[710],0.247724241849683,[710,902]]
[0.0,[709],0.160849308360335,[584,709]]
[0.0,[708],0.33038939147617,[697,708]]
[0.0,[707],0.146518087620645,[117,984]]
[0.0,[706],0.123596561440851,[408,706]]
[0.0,[705],0.180973202436145,[288,705]]
[0.0,[704],0.149105030096236,[689,704]]
[0.0,[703],0.232072316315404,[461,703]]
[0.0,[702],0.128577641913418,[192,702]]
[0.0,[701],0.246694102077816,[447,701]]
[0.0,[700],0.183927920664594,[122,700]]
[0.0,[699],0.177348075828282,[295,699]]
[0.0,[698],0.285318103176099,[151,698]]
[0.0,[697],0.397603596563193,[697,990]]
[0.0,[696],0.208044899000236,[184,696]]
[0.0,[695],0.140291838679185,[613,695]]
[0.0,[694],0.32187441650432,[694,851]]
[0.0,[693],0.239940388430111,[415,693]]
[0.0,[692],0.160590971103604,[31,692]]
[0.0,[691],0.347608400358798,[445,691]]
[0.0,[690],0.372723235122257,[32,690]]
[0.0,[689],0.164167566833412,[536,704]]
[0.0,[688],0.168287729796342,[675,688]]
[0.0,[687],0.140623326656722,[108,687]]
[0.0,[686],0.26102674192504,[863,977]]
[0.0,[685],0.28021407887543,[19,685]]
[0.0,[684],0.181166608402335,[681,684]]
[0.0,[683],0.194725062588272,[433,683]]
[0.0,[682],0.189996736814068,[101,682]]
[0.0,[681],0.16546365159755,[555,681]]
[0.0,[680],0.316668470170281,[680,950]]
[0.0,[679],0.26205661602027,[221,679]]
[0.0,[678],0.192888672554906,[285,741]]
[0.0,[677],0.286267637011242,[505,945]]
[0.0,[676],0.129678718377392,[91,676]]
[0.0,[675],0.185002972949098,[230,688]]
[0.0,[674],0.286233244051068,[195,674]]
[0.0,[673],0.176307118404187,[488,673]]
[0.0,[672],0.250451112994103,[248,672]]
[0.0,[671],0.216624675418086,[671,673]]
[0.0,[670],0.302330630270905,[68,670]]
[0.0,[669],0.328306685889898,[435,669]]
[0.0,[668],0.132615119801578,[143,668]]
[0.0,[667],0.123556545759425,[462,667]]
[0.0,[666],0.27249537610755,[29,666]]
[0.0,[665],0.347008443701308,[631,665]]
[0.0,[664],0.253714229005759,[621,664]]
[0.0,[663],0.122554844865482,[322,663]]
[0.0,[662],0.235584464683032,[662,762]]
[0.0,[661],0.169710105768657,[183,661]]
[0.0,[660],0.196185295065676,[632,660]]
[0.0,[659],0.253715391728564,[480,659]]
[0.0,[658],0.145652257105723,[242,658]]
[0.0,[657],0.221936252108532,[555,657]]
[0.0,[656],0.147635564820905,[206,656]]
[0.0,[655],0.321699673608765,[503,655]]
[0.0,[654],0.19903421816358,[785,950]]
[0.0,[653],0.220627310186234,[205,653]]
[0.0,[652],0.210568421184197,[239,652]]
[0.0,[651],0.121734793711505,[377,651]]
[0.0,[650],0.367818950028405,[650,842]]
[0.0,[649],0.123594821897986,[641,649]]
[0.0,[648],0.31302049453668,[385,648]]
[0.0,[647],0.400790992912769,[107,777]]
[0.0,[646],0.153943431168729,[65,646]]
[0.0,[645],0.151581364289955,[298,978]]
[0.0,[644],0.152076461031925,[362,644]]
[0.0,[643],0.134911452441958,[569,643]]
[0.0,[642],0.345072137385811,[642,973]]
[0.0,[641],0.1441618534842,[414,649]]
[0.0,[640],0.197694486518971,[169,640]]
[0.0,[639],0.238836785273933,[493,827]]
[0.0,[638],0.159897748577013,[451,790]]
[0.0,[637],0.138431499305641,[537,637]]
[0.0,[636],0.147735439214829,[27,636]]
[0.0,[635],0.389804540763698,[635,856]]
[0.0,[634],0.367914636838507,[583,634]]
[0.0,[633],0.121271472325537,[593,633]]
[0.0,[632],0.162713121781891,[413,632]]
[0.0,[631],0.131699810174474,[395,631]]
[0.0,[630],0.132577449062798,[313,630]]
[0.0,[629],0.283674672820835,[629,860]]
[0.0,[628],0.323561864254716,[348,628]]
[0.0,[627],0.165363357488852,[567,627]]
[0.0,[626],0.22172207828721,[626,798]]
[0.0,[625],0.207698868557314,[331,625]]
[0.0,[624],0.165193946620283,[575,624]]
[0.0,[623],0.208083444800369,[623,759]]
[0.0,[622],0.162360032027625,[416,622]]
[0.0,[621],0.232017563990295,[100,621]]
[0.0,[620],0.142363689190759,[96,620]]
[0.0,[619],0.299242644019861,[159,619]]
[0.0,[618],0.223166708986786,[225,618]]
[0.0,[617],0.370762754332192,[617,709]]
[0.0,[616],0.188755582698881,[580,616]]
[0.0,[615],0.126352087438249,[181,615]]
[0.0,[614],0.184792478201906,[42,614]]
[0.0,[613],0.25610062475521,[121,695]]
[0.0,[612],0.170186074635972,[316,612]]
[0.0,[611],0.123669721435764,[454,611]]
[0.0,[610],0.204527113117049,[61,610]]
[0.0,[609],0.143788386179104,[37,609]]
[0.0,[608],0.430013499788105,[608,801]]
[0.0,[607],0.127009054795337,[498,607]]
[0.0,[606],0.157771036632196,[533,606]]
[0.0,[605],0.250155791458062,[605,913]]
[0.0,[604],0.152141808849547,[714,883]]
[0.0,[603],0.399600800799985,[763,901]]
[0.0,[602],0.225298335546446,[602,986]]
[0.0,[601],0.122985852844914,[249,601]]
[0.0,[600],0.158608228033708,[600,615]]
[0.0,[599],0.149847222196515,[44,599]]
[0.0,[598],0.179695242007164,[457,598]]
[0.0,[597],0.305181273999564,[187,597]]
[0.0,[596],0.253744793050007,[502,596]]
[0.0,[595],0.245440379725904,[268,595]]
[0.0,[594],0.205622858651474,[367,594]]
[0.0,[593],0.240854541165439,[593,865]]
[0.0,[592],0.148285434213876,[345,592]]
[0.0,[591],0.256028455449792,[110,591]]
[0.0,[590],0.129591589233235,[130,590]]
[0.0,[589],0.206479514722448,[153,589]]
[0.0,[588],0.284730679765969,[66,588]]
[0.0,[587],0.134764127274291,[587,814]]
[0.0,[586],0.140224391601506,[332,586]]
[0.0,[585],0.259974921867502,[562,585]]
[0.0,[584],0.330594646054673,[296,584]]
[0.0,[583],0.306414474201206,[583,587]]
[0.0,[582],0.207588679845481,[259,582]]
[0.0,[581],0.320994376897785,[793,969]]
[0.0,[580],0.237104238679953,[0,909]]
[0.0,[579],0.216740259296715,[499,579]]
[0.0,[578],0.142300843286306,[81,578]]
[0.0,[577],0.130759894463105,[467,577]]
[0.0,[576],0.302433596017391,[500,576]]
[0.0,[575],0.132601432873073,[304,575]]
[0.0,[574],0.18862157882919,[404,574]]
[0.0,[573],0.183374316631356,[14,573]]
[0.0,[572],0.290461098944402,[225,572]]
[0.0,[571],0.397386096888158,[571,728]]
[0.0,[570],0.131641482823563,[173,570]]
[0.0,[569],0.311119671509203,[528,819]]
[0.0,[568],0.174208840189028,[524,764]]
[0.0,[567],0.130765056494491,[92,567]]
[0.0,[566],0.270809674864108,[566,874]]
[0.0,[565],0.251909309077692,[565,586]]
[0.0,[564],0.21050209025088,[475,564]]
[0.0,[563],0.151357821073087,[471,563]]
[0.0,[562],0.308157881612667,[243,585]]
[0.0,[561],0.178360309486182,[561,812]]
[0.0,[560],0.335435030967224,[403,808]]
[0.0,[559],0.128413628560248,[105,559]]
[0.0,[558],0.241166664363049,[232,558]]
[0.0,[557],0.12407723401174,[98,557]]
[0.0,[556],0.137264634921043,[484,556]]
[0.0,[555],0.225785783431984,[196,684]]
[0.0,[554],0.218882708316578,[554,943]]
[0.0,[553],0.125317317239105,[553,720]]
[0.0,[552],0.158801385384406,[328,552]]
[0.0,[551],0.306823385679778,[102,729]]
[0.0,[550],0.231359849585056,[29,550]]
[0.0,[549],0.19222018624488,[92,549]]
[0.0,[548],0.282284307038135,[478,986]]
[0.0,[547],0.231652563119812,[283,547]]
[0.0,[546],0.141134049754128,[21,546]]
[0.0,[545],0.195477313261648,[545,615]]
[0.0,[544],0.253949876944267,[715,753]]
[0.0,[543],0.205323354735895,[48,825]]
[0.0,[542],0.169457900376468,[25,542]]
[0.0,[541],0.250286036366399,[237,541]]
[0.0,[540],0.189568351789001,[491,540]]
[0.0,[539],0.127665030450787,[247,539]]
[0.0,[538],0.20948135955258,[382,538]]
[0.0,[537],0.23675172649847,[262,637]]
[0.0,[536],0.249461580208263,[83,689]]
[0.0,[535],0.195352348335025,[113,535]]
[0.0,[534],0.390179804705481,[231,534]]
[0.0,[533],0.14192927816344,[403,533]]
[0.0,[532],0.266805697090614,[678,751]]
[0.0,[531],0.281400604121591,[476,531]]
[0.0,[530],0.258260295051312,[93,530]]
[0.0,[529],0.222016891249297,[324,529]]
[0.0,[528],0.268299832277214,[479,528]]
[0.0,[527],0.134881206993408,[508,527]]
[0.0,[526],0.284215763109665,[594,718]]
[0.0,[525],0.137706281628693,[246,525]]
[0.0,[524],0.212660104391951,[469,568]]
[0.0,[523],0.284888293897778,[33,523]]
[0.0,[522],0.261826736602662,[522,767]]
[0.0,[521],0.250800418659934,[723,954]]
[0.0,[520],0.136936737218324,[299,520]]
[0.0,[519],0.21464042023811,[136,519]]
[0.0,[518],0.225009688680308,[573,838]]
[0.0,[517],0.223949525563251,[517,540]]
[0.0,[516],0.311436189290861,[434,516]]
[0.0,[515],0.131880438276503,[439,515]]
[0.0,[514],0.208082195297955,[318,514]]
[0.0,[513],0.131237494642413,[113,513]]
[0.0,[512],0.125598248395394,[411,512]]
[0.0,[511],0.328981032887922,[799,811]]
[0.0,[510],0.226742386862289,[50,914]]
[0.0,[509],0.217917369661054,[63,509]]
[0.0,[508],0.192076026614467,[508,736]]
[0.0,[507],0.15895313774817,[494,507]]
[0.0,[506],0.200414620225227,[96,506]]
[0.0,[505],0.122697473486611,[292,505]]
[0.0,[504],0.160473860799774,[504,957]]
[0.0,[503],0.332023237138596,[576,655]]
[0.0,[502],0.148490033335592,[245,502]]
[0.0,[501],0.306620221120537,[31,773]]
[0.0,[500],0.123493279169299,[39,500]]
[0.0,[499],0.279248616827384,[322,499]]
[0.0,[498],0.218109788867882,[345,607]]
[0.0,[497],0.151045953272548,[497,989]]
[0.0,[496],0.146812261068306,[407,496]]
[0.0,[495],0.179912589887423,[495,755]]
[0.0,[494],0.161557358235374,[82,494]]
[0.0,[493],0.334397428219779,[101,639]]
[0.0,[492],0.272386563545253,[237,492]]
[0.0,[491],0.227643163745372,[128,517]]
[0.0,[490],0.260162718312974,[418,490]]
[0.0,[489],0.336230992027813,[138,489]]
[0.0,[488],0.1824903833083,[445,488]]
[0.0,[487],0.225704674298104,[90,487]]
[0.0,[486],0.181409509122342,[486,943]]
[0.0,[485],0.392828881321126,[80,769]]
[0.0,[484],0.164536075071698,[254,484]]
[0.0,[483],0.151732626682568,[483,891]]
[0.0,[482],0.159816738797936,[197,482]]
[0.0,[481],0.173199740184575,[125,481]]
[0.0,[480],0.300769646074862,[455,659]]
[0.0,[479],0.324293431940891,[155,569]]
[0.0,[478],0.323851679013669,[100,602]]
[0.0,[477],0.296327167164933,[11,477]]
[0.0,[476],0.257832154705353,[476,985]]
[0.0,[475],0.129240705662004,[360,475]]
[0.0,[474],0.229834244619878,[474,640]]
[0.0,[473],0.27316427292018,[837,959]]
[0.0,[472],0.143163892095763,[181,472]]
[0.0,[471],0.264001761357718,[563,580]]
[0.0,[470],0.140799822443066,[470,900]]
[0.0,[469],0.315111186726202,[524,801]]
[0.0,[468],0.133275241511693,[241,468]]
[0.0,[467],0.121884863703365,[343,467]]
[0.0,[466],0.213431698676612,[116,466]]
[0.0,[465],0.279656038733306,[380,840]]
[0.0,[464],0.399736951006523,[464,792]]
[0.0,[463],0.372791496684136,[459,794]]
[0.0,[462],0.162783352957222,[160,462]]
[0.0,[461],0.272992234321776,[461,830]]
[0.0,[460],0.157885654826477,[66,460]]
[0.0,[459],0.188896956036861,[127,459]]
[0.0,[458],0.1398683666881,[340,458]]
[0.0,[457],0.229286109478966,[54,598]]
[0.0,[456],0.159543881111153,[646,932]]
[0.0,[455],0.221302801609001,[442,470]]
[0.0,[454],0.142297505248738,[109,454]]
[0.0,[453],0.206860581068517,[453,515]]
[0.0,[452],0.218494210449603,[341,452]]
[0.0,[451],0.338257505459964,[428,790]]
[0.0,[450],0.224385070804642,[450,599]]
[0.0,[449],0.166809352255784,[9,449]]
[0.0,[448],0.165435244128889,[403,448]]
[0.0,[447],0.288086618918657,[217,701]]
[0.0,[446],0.147617681867717,[116,446]]
[0.0,[445],0.221381435536034,[673,995]]
[0.0,[444],0.242365509097315,[369,444]]
[0.0,[443],0.222281848111808,[306,443]]
[0.0,[442],0.259393311401809,[196,455]]
[0.0,[441],0.229173078698185,[249,441]]
[0.0,[440],0.328439218121109,[440,689]]
[0.0,[439],0.19587825300426,[6,439]]
[0.0,[438],0.135179288354398,[368,438]]
[0.0,[437],0.185562226759649,[365,437]]
[0.0,[436],0.183914871611847,[400,436]]
[0.0,[435],0.350606902384979,[722,972]]
[0.0,[434],0.29773761938995,[24,434]]
[0.0,[433],0.335792763471776,[408,433]]
[0.0,[432],0.132056351607968,[118,432]]
[0.0,[431],0.167513491993959,[347,431]]
[0.0,[430],0.198062515383473,[430,848]]
[0.0,[429],0.133242298088852,[207,429]]
[0.0,[428],0.315106870759744,[427,428]]
[0.0,[427],0.22246303063656,[427,965]]
[0.0,[426],0.323295344847387,[53,426]]
[0.0,[425],0.255225351405404,[276,813]]
[0.0,[424],0.286038423992296,[424,816]]
[0.0,[423],0.183005136539901,[423,982]]
[0.0,[422],0.123955879247389,[375,422]]
[0.0,[421],0.241417874234662,[412,421]]
[0.0,[420],0.206652365096556,[359,420]]
[0.0,[419],0.12176686741476,[261,419]]
[0.0,[418],0.253969565105737,[72,418]]
[0.0,[417],0.234378710637326,[262,922]]
[0.0,[416],0.220217982916919,[55,622]]
[0.0,[415],0.330994033178825,[415,821]]
[0.0,[414],0.175101342085054,[131,414]]
[0.0,[413],0.2268753181816,[71,632]]
[0.0,[412],0.247818966182959,[412,612]]
[0.0,[411],0.122848850218484,[58,411]]
[0.0,[410],0.229362616831945,[32,410]]
[0.0,[409],0.162349869109877,[409,507]]
[0.0,[408],0.161584838397697,[194,706]]
[0.0,[407],0.201543642916379,[120,407]]
[0.0,[406],0.364793708827325,[330,406]]
[0.0,[405],0.165304748873068,[240,405]]
[0.0,[404],0.274896726062729,[175,894]]
[0.0,[403],0.251331175941215,[411,448]]
[0.0,[402],0.268185942957452,[194,730]]
[0.0,[401],0.121325306511037,[4,401]]
[0.0,[400],0.155166007875501,[281,400]]
[0.0,[399],0.160330034616071,[390,399]]
[0.0,[398],0.324741666559743,[398,426]]
[0.0,[397],0.270348941185278,[397,577]]
[0.0,[396],0.370052752996121,[114,396]]
[0.0,[395],0.155110089936166,[200,631]]
[0.0,[394],0.208735789935518,[394,766]]
[0.0,[393],0.231471099707892,[163,393]]
[0.0,[392],0.334793324306198,[199,392]]
[0.0,[391],0.170811884832452,[12,391]]
[0.0,[390],0.358685321695784,[224,399]]
[0.0,[389],0.385640272793193,[260,389]]
[0.0,[388],0.157611991929516,[73,891]]
[0.0,[387],0.480306506306128,[387,634]]
[0.0,[386],0.341137010598416,[164,776]]
[0.0,[385],0.329170487741508,[52,648]]
[0.0,[384],0.186763700969989,[347,384]]
[0.0,[383],0.27056392959892,[373,383]]
[0.0,[382],0.142700805884187,[302,382]]
[0.0,[381],0.322890198055006,[85,381]]
[0.0,[380],0.170802341904301,[275,380]]
[0.0,[379],0.209064200665736,[755,876]]
[0.0,[378],0.131574883621483,[87,378]]
[0.0,[377],0.209754284819183,[377,379]]
[0.0,[376],0.148242773854299,[304,376]]
[0.0,[375],0.226497814558982,[254,375]]
[0.0,[374],0.374956504144148,[294,374]]
[0.0,[373],0.368700908596655,[373,871]]
[0.0,[372],0.357735488874103,[473,942]]
[0.0,[371],0.138260623461649,[366,371]]
[0.0,[370],0.221274693537211,[292,370]]
[0.0,[369],0.310128199298275,[409,444]]
[0.0,[368],0.240946674598357,[151,368]]
[0.0,[367],0.299053607234563,[37,946]]
[0.0,[366],0.248876595926573,[42,893]]
[0.0,[365],0.486655977051541,[307,437]]
[0.0,[364],0.201493424210338,[346,364]]
[0.0,[363],0.291426697472959,[402,859]]
[0.0,[362],0.339377798331002,[241,362]]
[0.0,[361],0.327813834363343,[98,361]]
[0.0,[360],0.247784563683874,[360,545]]
[0.0,[359],0.247668689987257,[359,595]]
[0.0,[358],0.269741320527632,[335,897]]
[0.0,[357],0.143708246109968,[28,357]]
[0.0,[356],0.457453943036891,[8,356]]
[0.0,[355],0.147649652894994,[51,355]]
[0.0,[354],0.263816015434962,[849,966]]
[0.0,[353],0.178513752971597,[401,721]]
[0.0,[352],0.203800073601544,[352,553]]
[0.0,[351],0.327130127013693,[18,820]]
[0.0,[350],0.121960403410252,[349,350]]
[0.0,[349],0.271036159949179,[350,658]]
[0.0,[348],0.276943333554028,[267,348]]
[0.0,[347],0.241791232264507,[178,431]]
[0.0,[346],0.393549031252774,[781,858]]
[0.0,[345],0.236832029083887,[775,789]]
[0.0,[344],0.124891512922224,[6,344]]
[0.0,[343],0.146594474657161,[323,577]]
[0.0,[342],0.154627390846553,[4,342]]
[0.0,[341],0.361198726465111,[179,998]]
[0.0,[340],0.248411050478838,[340,616]]
[0.0,[339],0.193145670414815,[210,339]]
[0.0,[338],0.25784326634607,[168,338]]
[0.0,[337],0.15311430370799,[149,337]]
[0.0,[336],0.154984450833004,[17,953]]
[0.0,[335],0.335324424997639,[148,897]]
[0.0,[334],0.288725752228646,[334,384]]
[0.0,[333],0.281795741628563,[333,652]]
[0.0,[332],0.304400032851522,[586,771]]
[0.0,[331],0.284214144616338,[172,331]]
[0.0,[330],0.246079966677532,[330,487]]
[0.0,[329],0.146947847891624,[117,329]]
[0.0,[328],0.205360220101196,[328,546]]
[0.0,[327],0.17470028620468,[124,327]]
[0.0,[326],0.350108140436636,[326,385]]
[0.0,[325],0.202804782981069,[205,325]]
[0.0,[324],0.23173884007652,[77,529]]
[0.0,[323],0.207438183563221,[5,467]]
[0.0,[322],0.318960107223448,[663,666]]
[0.0,[321],0.12713252927553,[7,321]]
[0.0,[320],0.177220794490953,[320,873]]
[0.0,[319],0.122840506348669,[76,319]]
[0.0,[318],0.26311459480616,[488,514]]
[0.0,[317],0.348171021195052,[317,554]]
[0.0,[316],0.247484282329206,[214,966]]
[0.0,[315],0.180562426877793,[286,315]]
[0.0,[314],0.141710479499543,[132,314]]
[0.0,[313],0.391161194394315,[610,725]]
[0.0,[312],0.32566518082226,[312,640]]
[0.0,[311],0.390926207870489,[311,784]]
[0.0,[310],0.253603627734315,[310,852]]
[0.0,[309],0.244741577996037,[309,329]]
[0.0,[308],0.3970963107358,[308,610]]
[0.0,[307],0.261909335457885,[215,307]]
[0.0,[306],0.249445785693014,[255,443]]
[0.0,[305],0.171999883720901,[169,305]]
[0.0,[304],0.321059402603327,[562,565]]
[0.0,[303],0.472713517894309,[303,571]]
[0.0,[302],0.124045314300845,[3,302]]
[0.0,[301],0.241918829362249,[301,912]]
[0.0,[300],0.201426214778526,[223,300]]
[0.0,[299],0.331307440302809,[299,579]]
[0.0,[298],0.133524155118153,[17,298]]
[0.0,[297],0.235917400799513,[297,457]]
[0.0,[296],0.320000749999132,[193,296]]
[0.0,[295],0.331567187761394,[155,295]]
[0.0,[294],0.183593382233722,[152,294]]
[0.0,[293],0.295113825497888,[224,293]]
[0.0,[292],0.13086405159553,[64,505]]
[0.0,[291],0.219126630056705,[212,942]]
[0.0,[290],0.175483332541882,[290,932]]
[0.0,[289],0.478203126296772,[289,298]]
[0.0,[288],0.318664557175731,[288,542]]
[0.0,[287],0.426366555911684,[287,423]]
[0.0,[286],0.270929880227323,[547,910]]
[0.0,[285],0.254918379094174,[197,741]]
[0.0,[284],0.316126129891205,[4,284]]
[0.0,[283],0.290881195679604,[315,778]]
[0.0,[282],0.403716880994571,[264,282]]
[0.0,[281],0.347277569099985,[150,711]]
[0.0,[280],0.286024561882381,[280,804]]
[0.0,[279],0.267660045580215,[258,279]]
[0.0,[278],0.129183280651921,[162,278]]
[0.0,[277],0.315982752693871,[277,496]]
[0.0,[276],0.28104355534332,[155,813]]
[0.0,[275],0.181843339168683,[160,947]]
[0.0,[274],0.127883110690974,[11,274]]
[0.0,[273],0.323964010346823,[348,850]]
[0.0,[272],0.304755738256069,[713,831]]
[0.0,[271],0.140446146262533,[257,271]]
[0.0,[270],0.24973680145304,[270,502]]
[0.0,[269],0.129296132966167,[20,269]]
[0.0,[268],0.283171714689152,[359,893]]
[0.0,[267],0.33575885691966,[94,273]]
[0.0,[266],0.238734664428931,[266,432]]
[0.0,[265],0.137751842092902,[219,265]]
[0.0,[264],0.309947092259285,[264,597]]
[0.0,[263],0.247471129629304,[171,263]]
[0.0,[262],0.317070906896222,[465,768]]
[0.0,[261],0.233518992803598,[261,623]]
[0.0,[260],0.358998161555187,[260,743]]
[0.0,[259],0.445289209390942,[259,887]]
[0.0,[258],0.374164322190147,[70,279]]
[0.0,[257],0.214047377933026,[62,257]]
[0.0,[256],0.127065967119447,[182,256]]
[0.0,[255],0.302730738445893,[306,715]]
[0.0,[254],0.237225188375956,[254,653]]
[0.0,[253],0.209950136937341,[126,253]]
[0.0,[252],0.333728901954855,[252,526]]
[0.0,[251],0.127931739611455,[247,251]]
[0.0,[250],0.261218892884845,[250,980]]
[0.0,[249],0.231867979678072,[601,626]]
[0.0,[248],0.166209536429153,[127,248]]
[0.0,[247],0.369583008267429,[40,251]]
[0.0,[246],0.13904621533865,[213,525]]
[0.0,[245],0.26104202726763,[15,879]]
[0.0,[244],0.286227916178702,[561,629]]
[0.0,[243],0.207353562785893,[55,243]]
[0.0,[242],0.275910239027123,[350,605]]
[0.0,[241],0.199719578409304,[468,971]]
[0.0,[240],0.345660671757717,[240,349]]
[0.0,[239],0.467047588581716,[333,737]]
[0.0,[238],0.190228257627501,[238,570]]
[0.0,[237],0.246792118998973,[213,237]]
[0.0,[236],0.284862264963256,[144,236]]
[0.0,[235],0.182178840703295,[169,235]]
[0.0,[234],0.470607564750077,[59,744]]
[0.0,[233],0.346714406969196,[72,233]]
[0.0,[232],0.240787292023476,[141,394]]
[0.0,[231],0.277131015947349,[156,231]]
[0.0,[230],0.153143755994154,[226,949]]
[0.0,[229],0.288534642634109,[229,723]]
[0.0,[228],0.32505554909894,[228,429]]
[0.0,[227],0.380712292945748,[786,889]]
[0.0,[226],0.250834008858476,[52,497]]
[0.0,[225],0.320402122340038,[532,572]]
[0.0,[224],0.289367776367741,[224,318]]
[0.0,[223],0.226450281518949,[136,223]]
[0.0,[222],0.193314070879474,[222,446]]
[0.0,[221],0.322031722039915,[221,458]]
[0.0,[220],0.137224451173943,[202,220]]
[0.0,[219],0.142145981300894,[46,219]]
[0.0,[218],0.393606148325982,[218,874]]
[0.0,[217],0.322984705520245,[284,746]]
[0.0,[216],0.314990301438001,[216,855]]
[0.0,[215],0.333744063617616,[215,271]]
[0.0,[214],0.138871055299523,[43,214]]
[0.0,[213],0.298449711006727,[541,730]]
[0.0,[212],0.232293435120343,[89,212]]
[0.0,[211],0.181448477535693,[20,211]]
[0.0,[210],0.331472050103769,[339,795]]
[0.0,[209],0.275281492294693,[47,209]]
[0.0,[208],0.149198894097754,[45,208]]
[0.0,[207],0.377738242702515,[207,629]]
[0.0,[206],0.182939334206723,[168,206]]
[0.0,[205],0.261335225333255,[325,609]]
[0.0,[204],0.143172937386978,[158,204]]
[0.0,[203],0.390920963878902,[203,748]]
[0.0,[202],0.318827304351406,[202,751]]
[0.0,[201],0.389668910743472,[201,726]]
[0.0,[200],0.371791446916134,[200,268]]
[0.0,[199],0.152553990442779,[161,892]]
[0.0,[198],0.303790190756702,[120,629]]
[0.0,[197],0.368806358405062,[220,503]]
[0.0,[196],0.272565368306401,[266,554]]
[0.0,[195],0.293677578306555,[195,256]]
[0.0,[194],0.143268733504526,[174,194]]
[0.0,[193],0.397019067552171,[294,617]]
[0.0,[192],0.202557572062856,[97,767]]
[0.0,[191],0.131697228520574,[87,191]]
[0.0,[190],0.422979857676471,[190,410]]
[0.0,[189],0.121338781928935,[1,189]]
[0.0,[188],0.135624776497486,[10,188]]
[0.0,[187],0.320363840031951,[264,818]]
[0.0,[186],0.220054629580898,[614,886]]
[0.0,[185],0.279011361775821,[867,869]]
[0.0,[184],0.174069871028834,[599,807]]
[0.0,[183],0.233634672084451,[183,622]]
[0.0,[182],0.234109611079925,[173,256]]
[0.0,[181],0.312432904797182,[94,475]]
[0.0,[180],0.256753656254383,[180,206]]
[0.0,[179],0.401026694872051,[179,769]]
[0.0,[178],0.254206490869158,[178,834]]
[0.0,[177],0.175938483567456,[177,319]]
[0.0,[176],0.149816721363119,[166,176]]
[0.0,[175],0.398368849183769,[404,486]]
[0.0,[174],0.386376746194704,[492,520]]
[0.0,[173],0.273606524045027,[238,925]]
[0.0,[172],0.364385647357306,[21,331]]
[0.0,[171],0.248134137111359,[171,830]]
[0.0,[170],0.198976581536677,[88,848]]
[0.0,[169],0.314292204803109,[57,640]]
[0.0,[168],0.161457084081207,[117,168]]
[0.0,[167],0.315530790890533,[109,890]]
[0.0,[166],0.269063617012789,[81,176]]
[0.0,[165],0.324093474170653,[2,864]]
[0.0,[164],0.411655523465938,[530,776]]
[0.0,[163],0.353699038732078,[393,558]]
[0.0,[162],0.284595484855264,[61,278]]
[0.0,[161],0.122082758815471,[74,161]]
[0.0,[160],0.22093261416098,[160,623]]
[0.0,[159],0.34099979472134,[611,619]]
[0.0,[158],0.312997619799262,[204,797]]
[0.0,[157],0.279162175088232,[157,397]]
[0.0,[156],0.204653072295503,[156,753]]
[0.0,[155],0.346972851963932,[198,295]]
[0.0,[154],0.264428024233423,[154,653]]
[0.0,[153],0.246055461227716,[269,589]]
[0.0,[152],0.353955604560795,[872,944]]
[0.0,[151],0.308135294959847,[48,151]]
[0.0,[150],0.248811354242551,[150,171]]
[0.0,[149],0.25406127213727,[337,513]]
[0.0,[148],0.193791718089317,[148,161]]
[0.0,[147],0.123936516007193,[139,147]]
[0.0,[146],0.25602710793979,[146,186]]
[0.0,[145],0.141058214932673,[132,145]]
[0.0,[144],0.346651395496959,[236,982]]
[0.0,[143],0.415800541125192,[442,948]]
[0.0,[142],0.341259637226553,[381,921]]
[0.0,[141],0.196910868161174,[512,553]]
[0.0,[140],0.313747589632175,[140,162]]
[0.0,[139],0.151657377004855,[83,139]]
[0.0,[138],0.255109349103468,[301,839]]
[0.0,[137],0.302170978090202,[137,327]]
[0.0,[136],0.443824289556121,[38,300]]
[0.0,[135],0.277182376784684,[135,881]]
[0.0,[134],0.172622883766931,[126,134]]
[0.0,[133],0.342369902298681,[693,907]]
[0.0,[132],0.169177007894109,[62,145]]
[0.0,[131],0.260427341114555,[641,806]]
[0.0,[130],0.470521965480902,[898,911]]
[0.0,[129],0.325919468580822,[62,129]]
[0.0,[128],0.319714966806362,[38,540]]
[0.0,[127],0.279384591557927,[89,127]]
[0.0,[126],0.122826462946725,[47,126]]
[0.0,[125],0.239599165273983,[828,917]]
[0.0,[124],0.289483764657023,[89,125]]
[0.0,[123],0.145805075357514,[123,872]]
[0.0,[122],0.212249334510144,[700,805]]
[0.0,[121],0.198449867724815,[60,121]]
[0.0,[120],0.364371527427712,[377,569]]
[0.0,[119],0.263924572558177,[487,662]]
[0.0,[118],0.337717840807971,[351,714]]
[0.0,[117],0.279046519419269,[320,707]]
[0.0,[116],0.323561879707712,[116,477]]
[0.0,[115],0.22338912238511,[1,115]]
[0.0,[114],0.366534500422539,[806,866]]
[0.0,[113],0.296704937606369,[839,917]]
[0.0,[112],0.267920361301636,[112,413]]
[0.0,[111],0.341961693761171,[111,118]]
[0.0,[110],0.432542148235284,[236,241]]
[0.0,[109],0.207879099478495,[98,611]]
[0.0,[108],0.25328916281592,[660,687]]
[0.0,[107],0.410440421985944,[647,709]]
[0.0,[106],0.37780096611841,[106,466]]
[0.0,[105],0.269270458832755,[105,636]]
[0.0,[104],0.290066475139726,[72,104]]
[0.0,[103],0.404486835385282,[103,870]]
[0.0,[102],0.309666772515202,[100,758]]
[0.0,[101],0.329493914966576,[354,797]]
[0.0,[100],0.254128294371166,[290,664]]
[0.0,[99],0.347118682873725,[210,739]]
[0.0,[98],0.312014454793352,[658,670]]
[0.0,[97],0.259113623725174,[97,211]]
[0.0,[96],0.237245927256894,[370,506]]
[0.0,[95],0.13206430251963,[25,95]]
[0.0,[94],0.357006050368898,[94,474]]
[0.0,[93],0.369800175770637,[93,721]]
[0.0,[92],0.273696803050365,[14,549]]
[0.0,[91],0.464226722625916,[99,676]]
[0.0,[90],0.306716236935691,[801,940]]
[0.0,[89],0.283698308066852,[654,672]]
[0.0,[88],0.291762917451832,[70,997]]
[0.0,[87],0.197311124876418,[13,378]]
[0.0,[86],0.346947546467746,[86,578]]
[0.0,[85],0.322598264099492,[85,509]]
[0.0,[84],0.334840812924596,[81,842]]
[0.0,[83],0.360072937055814,[99,440]]
[0.0,[82],0.348916694928733,[369,992]]
[0.0,[81],0.220065263047084,[8,578]]
[0.0,[80],0.191478667219114,[28,80]]
[0.0,[79],0.164424876463408,[13,79]]
[0.0,[78],0.200371854310884,[46,78]]
[0.0,[77],0.293161917717832,[77,851]]
[0.0,[76],0.423907442727786,[49,177]]
[0.0,[75],0.244418534485442,[41,75]]
[0.0,[74],0.398395845861881,[392,440]]
[0.0,[73],0.241187333829951,[36,996]]
[0.0,[72],0.267402991755873,[71,490]]
[0.0,[71],0.31590044317793,[674,971]]
[0.0,[70],0.293620707716611,[224,692]]
[0.0,[69],0.275660896755417,[57,69]]
[0.0,[68],0.16912947702868,[59,68]]
[0.0,[67],0.250824600069437,[16,67]]
[0.0,[66],0.28674031805802,[22,994]]
[0.0,[65],0.365267751108663,[65,211]]
[0.0,[64],0.23217064844634,[292,623]]
[0.0,[63],0.311671830616774,[280,994]]
[0.0,[62],0.390868852685911,[215,406]]
[0.0,[61],0.362730423317358,[510,521]]
[0.0,[60],0.286915911026222,[627,830]]
[0.0,[59],0.351570618795139,[159,555]]
[0.0,[58],0.213805238476535,[5,512]]
[0.0,[57],0.383914730115939,[50,267]]
[0.0,[56],0.308881206938839,[56,183]]
[0.0,[55],0.338234356622755,[438,585]]
[0.0,[54],0.247829538191082,[23,297]]
[0.0,[53],0.145754210916818,[24,53]]
[0.0,[52],0.140457751655117,[52,188]]
[0.0,[51],0.277870923271956,[355,756]]
[0.0,[50],0.387430032392955,[15,600]]
[0.0,[49],0.356479410345119,[49,85]]
[0.0,[48],0.352583181674908,[48,970]]
[0.0,[47],0.311740725603812,[25,122]]
[0.0,[46],0.346026227329672,[165,935]]
[0.0,[45],0.385793208856766,[208,750]]
[0.0,[44],0.252356077794828,[620,696]]
[0.0,[43],0.283635805215097,[43,899]]
[0.0,[42],0.262248241176143,[64,186]]
[0.0,[41],0.313987404205964,[32,896]]
[0.0,[40],0.380631882532176,[506,539]]
[0.0,[39],0.29163312569048,[168,457]]
[0.0,[38],0.445326239963471,[73,519]]
[0.0,[37],0.265670397297152,[14,556]]
[0.0,[36],0.40138862714333,[135,981]]
[0.0,[35],0.287876362350223,[382,999]]
[0.0,[34],0.450755033249773,[34,988]]
[0.0,[33],0.428441921384908,[523,619]]
[0.0,[32],0.33050776087711,[637,993]]
[0.0,[31],0.323021516311218,[21,501]]
[0.0,[30],0.422689259385649,[30,285]]
[0.0,[29],0.321737268590401,[760,927]]
[0.0,[28],0.440042634298074,[73,485]]
[0.0,[27],0.371985644884314,[531,636]]
[0.0,[26],0.331385078119098,[26,85]]
[0.0,[25],0.291297579804561,[14,95]]
[0.0,[24],0.382199986917841,[731,870]]
[0.0,[23],0.327686618585486,[449,916]]
[0.0,[22],0.335708415146252,[26,419]]
[0.0,[21],0.335699955317255,[31,687]]
[0.0,[20],0.367038880774236,[20,158]]
[0.0,[19],0.336057971189501,[112,710]]
[0.0,[18],0.340876693248463,[420,757]]
[0.0,[17],0.408161377398681,[184,336]]
[0.0,[16],0.341040056298379,[318,787]]
[0.0,[15],0.415085762222688,[313,402]]
[0.0,[14],0.349453458989889,[436,919]]
[0.0,[13],0.12743822032662,[10,13]]
[0.0,[12],0.371774703281426,[602,685]]
[0.0,[11],0.426859133672931,[106,140]]
[0.0,[10],0.317775533985873,[529,719]]
[0.0,[9],0.330193791583049,[500,746]]
[0.0,[8],0.366726901113084,[111,838]]
[0.0,[7],0.336162698704058,[447,847]]
[0.0,[6],0.256067549681733,[6,458]]
[0.0,[5],0.299140903254657,[515,717]]
[0.0,[4],0.361634898758401,[740,882]]
[0.0,[3],0.353658960016561,[567,686]]
[0.0,[2],0.385180762759491,[219,572]]
[0.0,[1],0.320119009120062,[1,397]]
